John:johnd
Peter:peterp
Clive:clivet
Dave:ddave
Samantha:saman
Jonathan:jonay
Alice:alicea
Christine:christ
Johan:johann
Phyllis:phylp
Julie:julie2
Richard:richard
